[
  {
    "id": "05834520-3bed-4bd5-94bf-0f6a974a5eab",
    "product": {
      "id": "d7f5c1f7-0b8d-4d32-83b5-51b8a5b93c60",
      "name": "Valorant 500 Points",
      "detail": "บัตรเติมเงิน Valorant มูลค่า 500 Points"
    },
    "data": "username/password",
    "status": 1,
    "ref": "2ee4c407-03c1-43a6-9e04-9ecdc5b8aea7",
    "timestamp": "2025-01-26T20:09:05.677Z"
  },
  {
    "id": "4fd0c806-0f92-4822-8594-93f6ba010386",
    "product": {
      "id": "d7f5c1f7-0b8d-4d32-83b5-51b8a5b93c60",
      "name": "Valorant 500 Points",
      "detail": "บัตรเติมเงิน Valorant มูลค่า 500 Points"
    },
    "data": "username/password",
    "status": 0,
    "ref": "",
    "timestamp": "2025-01-26T20:09:08.862Z"
  },
  {
    "id": "60ad14a0-cf35-4fb0-bb4b-d7522711fb00",
    "product": {
      "id": "d7f5c1f7-0b8d-4d32-83b5-51b8a5b93c60",
      "name": "Valorant 500 Points",
      "detail": "บัตรเติมเงิน Valorant มูลค่า 500 Points"
    },
    "data": "username/password",
    "status": 0,
    "ref": "",
    "timestamp": "2025-01-26T20:09:09.479Z"
  },
  {
    "id": "9d06a62a-582c-4511-bfc6-ae45ba813286",
    "product": {
      "id": "d7f5c1f7-0b8d-4d32-83b5-51b8a5b93c60",
      "name": "Valorant 500 Points",
      "detail": "บัตรเติมเงิน Valorant มูลค่า 500 Points"
    },
    "data": "username/password",
    "status": 0,
    "ref": "",
    "timestamp": "2025-01-26T20:09:10.297Z"
  },
  {
    "id": "17558fce-863f-4184-b014-e4adbcc13f7a",
    "product": {
      "id": "d7f5c1f7-0b8d-4d32-83b5-51b8a5b93c60",
      "name": "Valorant 500 Points",
      "detail": "บัตรเติมเงิน Valorant มูลค่า 500 Points"
    },
    "data": "username/password",
    "status": 0,
    "ref": "",
    "timestamp": "2025-01-26T20:09:10.932Z"
  },
  {
    "id": "ab858dfc-1dd1-4291-ad49-a45182e12171",
    "product": {
      "id": "d7f5c1f7-0b8d-4d32-83b5-51b8a5b93c60",
      "name": "Valorant 500 Points",
      "detail": "บัตรเติมเงิน Valorant มูลค่า 500 Points"
    },
    "data": "username/password",
    "status": 0,
    "ref": "",
    "timestamp": "2025-01-26T20:09:11.522Z"
  },
  {
    "id": "5f3dd263-79d1-4f79-bde8-2f15d0bcb210",
    "product": {
      "id": "d7f5c1f7-0b8d-4d32-83b5-51b8a5b93c60",
      "name": "Valorant 500 Points",
      "detail": "บัตรเติมเงิน Valorant มูลค่า 500 Points"
    },
    "data": "username/password",
    "status": 0,
    "ref": "",
    "timestamp": "2025-01-26T20:09:12.158Z"
  },
  {
    "id": "570cb9b8-e821-4818-99ec-eda0d27016c7",
    "product": {
      "id": "a3e1b779-8762-4a11-826f-75fc3cf2bcd2",
      "name": "Valorant 2000 Points",
      "detail": "บัตรเติมเงิน Valorant มูลค่า 2000 Points"
    },
    "data": "asddsa",
    "status": 0,
    "ref": "",
    "timestamp": "2025-01-27T06:55:48.025Z"
  }
]